path	label	group_id	split	timestamp
images/train/R2/pos/img_train_R2_pos_00000.png	1	R2	test	1760745104
images/train/R5/pos/img_train_R5_pos_00001.png	1	R5	test	1760175669
images/train/R4/pos/img_train_R4_pos_00002.png	1	R4	train	1760545607
images/train/R2/pos/img_train_R2_pos_00003.png	1	R2	test	1760411399
images/train/R2/pos/img_train_R2_pos_00004.png	1	R2	test	1760539460
images/train/R7/pos/img_train_R7_pos_00005.png	1	R7	train	1760555581
images/train/R1/pos/img_train_R1_pos_00006.png	1	R1	train	1760682827
images/train/R4/pos/img_train_R4_pos_00007.png	1	R4	train	1760019240
images/train/R1/pos/img_train_R1_pos_00008.png	1	R1	train	1758436765
images/train/R4/pos/img_train_R4_pos_00009.png	1	R4	train	1759058677
images/train/R7/pos/img_train_R7_pos_00010.png	1	R7	train	1760560986
images/train/R8/pos/img_train_R8_pos_00011.png	1	R8	val	1760216212
images/train/R5/pos/img_train_R5_pos_00012.png	1	R5	test	1760510465
images/train/R3/pos/img_train_R3_pos_00013.png	1	R3	train	1759896503
images/train/R6/pos/img_train_R6_pos_00014.png	1	R6	train	1760329771
images/train/R3/pos/img_train_R3_pos_00015.png	1	R3	train	1759462571
images/train/R6/pos/img_train_R6_pos_00016.png	1	R6	train	1760598852
images/train/R2/pos/img_train_R2_pos_00017.png	1	R2	test	1760373214
images/train/R2/pos/img_train_R2_pos_00018.png	1	R2	test	1760113598
images/train/R6/pos/img_train_R6_pos_00019.png	1	R6	train	1759566408
images/train/R5/pos/img_train_R5_pos_00020.png	1	R5	test	1760550469
images/train/R8/pos/img_train_R8_pos_00021.png	1	R8	val	1760309386
images/train/R2/pos/img_train_R2_pos_00022.png	1	R2	test	1760343287
images/train/R2/pos/img_train_R2_pos_00023.png	1	R2	test	1760601834
images/train/R5/pos/img_train_R5_pos_00024.png	1	R5	test	1760789462
images/train/R4/pos/img_train_R4_pos_00025.png	1	R4	train	1758604664
images/train/R1/pos/img_train_R1_pos_00026.png	1	R1	train	1760464739
images/train/R5/pos/img_train_R5_pos_00027.png	1	R5	test	1760414757
images/train/R4/pos/img_train_R4_pos_00028.png	1	R4	train	1758655862
images/train/R7/pos/img_train_R7_pos_00029.png	1	R7	train	1759113698
images/train/R8/pos/img_train_R8_pos_00030.png	1	R8	val	1760629030
images/train/R3/pos/img_train_R3_pos_00031.png	1	R3	train	1759696952
images/train/R6/pos/img_train_R6_pos_00032.png	1	R6	train	1760093388
images/train/R5/pos/img_train_R5_pos_00033.png	1	R5	test	1760647170
images/train/R3/pos/img_train_R3_pos_00034.png	1	R3	train	1758653566
images/train/R4/pos/img_train_R4_pos_00035.png	1	R4	train	1760152070
images/train/R8/pos/img_train_R8_pos_00036.png	1	R8	val	1759374575
images/train/R5/pos/img_train_R5_pos_00037.png	1	R5	test	1760704916
images/train/R4/pos/img_train_R4_pos_00038.png	1	R4	train	1759118240
images/train/R1/pos/img_train_R1_pos_00039.png	1	R1	train	1758429852
images/train/R1/pos/img_train_R1_pos_00040.png	1	R1	train	1759589249
images/train/R7/pos/img_train_R7_pos_00041.png	1	R7	train	1760608428
images/train/R2/pos/img_train_R2_pos_00042.png	1	R2	test	1760487871
images/train/R6/pos/img_train_R6_pos_00043.png	1	R6	train	1759722522
images/train/R8/pos/img_train_R8_pos_00044.png	1	R8	val	1760596502
images/train/R8/pos/img_train_R8_pos_00045.png	1	R8	val	1759651740
images/train/R5/pos/img_train_R5_pos_00046.png	1	R5	test	1760775274
images/train/R4/pos/img_train_R4_pos_00047.png	1	R4	train	1759796982
images/train/R5/pos/img_train_R5_pos_00048.png	1	R5	test	1760602074
images/train/R7/pos/img_train_R7_pos_00049.png	1	R7	train	1759315933
images/train/R7/pos/img_train_R7_pos_00050.png	1	R7	train	1759633868
images/train/R4/pos/img_train_R4_pos_00051.png	1	R4	train	1760909881
images/train/R8/pos/img_train_R8_pos_00052.png	1	R8	val	1760352705
images/train/R1/pos/img_train_R1_pos_00053.png	1	R1	train	1759243537
images/train/R3/pos/img_train_R3_pos_00054.png	1	R3	train	1759875259
images/train/R7/pos/img_train_R7_pos_00055.png	1	R7	train	1760580379
images/train/R2/pos/img_train_R2_pos_00056.png	1	R2	test	1760426867
images/train/R7/pos/img_train_R7_pos_00057.png	1	R7	train	1760245983
images/train/R8/pos/img_train_R8_pos_00058.png	1	R8	val	1760188136
images/train/R5/pos/img_train_R5_pos_00059.png	1	R5	test	1760326464
images/train/R1/pos/img_train_R1_pos_00060.png	1	R1	train	1758981308
images/train/R5/pos/img_train_R5_pos_00061.png	1	R5	test	1760245729
images/train/R2/pos/img_train_R2_pos_00062.png	1	R2	test	1760358616
images/train/R7/pos/img_train_R7_pos_00063.png	1	R7	train	1758853532
images/train/R8/pos/img_train_R8_pos_00064.png	1	R8	val	1759441948
images/train/R5/pos/img_train_R5_pos_00065.png	1	R5	test	1760064037
images/train/R3/pos/img_train_R3_pos_00066.png	1	R3	train	1758974640
images/train/R2/pos/img_train_R2_pos_00067.png	1	R2	test	1760595149
images/train/R4/pos/img_train_R4_pos_00068.png	1	R4	train	1759827439
images/train/R6/pos/img_train_R6_pos_00069.png	1	R6	train	1758392222
images/train/R1/pos/img_train_R1_pos_00070.png	1	R1	train	1758411151
images/train/R6/pos/img_train_R6_pos_00071.png	1	R6	train	1759279774
images/train/R1/pos/img_train_R1_pos_00072.png	1	R1	train	1760280851
images/train/R6/pos/img_train_R6_pos_00073.png	1	R6	train	1760742679
images/train/R4/pos/img_train_R4_pos_00074.png	1	R4	train	1760697187
images/train/R4/pos/img_train_R4_pos_00075.png	1	R4	train	1760754885
images/train/R2/pos/img_train_R2_pos_00076.png	1	R2	test	1760452324
images/train/R8/pos/img_train_R8_pos_00077.png	1	R8	val	1759193548
images/train/R3/pos/img_train_R3_pos_00078.png	1	R3	train	1758854675
images/train/R8/pos/img_train_R8_pos_00079.png	1	R8	val	1760615909
images/train/R3/pos/img_train_R3_pos_00080.png	1	R3	train	1760913141
images/train/R7/pos/img_train_R7_pos_00081.png	1	R7	train	1759631913
images/train/R4/pos/img_train_R4_pos_00082.png	1	R4	train	1760896903
images/train/R7/pos/img_train_R7_pos_00083.png	1	R7	train	1760773106
images/train/R8/pos/img_train_R8_pos_00084.png	1	R8	val	1760195143
images/train/R8/pos/img_train_R8_pos_00085.png	1	R8	val	1760850596
images/train/R4/pos/img_train_R4_pos_00086.png	1	R4	train	1759792186
images/train/R2/pos/img_train_R2_pos_00087.png	1	R2	test	1760606448
images/train/R1/pos/img_train_R1_pos_00088.png	1	R1	train	1758394645
images/train/R4/pos/img_train_R4_pos_00089.png	1	R4	train	1760152162
images/train/R4/pos/img_train_R4_pos_00090.png	1	R4	train	1758583005
images/train/R2/pos/img_train_R2_pos_00091.png	1	R2	test	1760106488
images/train/R4/pos/img_train_R4_pos_00092.png	1	R4	train	1759130088
images/train/R1/pos/img_train_R1_pos_00093.png	1	R1	train	1759223439
images/train/R2/pos/img_train_R2_pos_00094.png	1	R2	test	1760243248
images/train/R4/pos/img_train_R4_pos_00095.png	1	R4	train	1760530179
images/train/R8/pos/img_train_R8_pos_00096.png	1	R8	val	1760162022
images/train/R3/pos/img_train_R3_pos_00097.png	1	R3	train	1758930862
images/train/R8/pos/img_train_R8_pos_00098.png	1	R8	val	1759379904
images/train/R8/pos/img_train_R8_pos_00099.png	1	R8	val	1759639892
images/train/R4/pos/img_train_R4_pos_00100.png	1	R4	train	1760197425
images/train/R2/pos/img_train_R2_pos_00101.png	1	R2	test	1760420823
images/train/R6/pos/img_train_R6_pos_00102.png	1	R6	train	1760883986
images/train/R7/pos/img_train_R7_pos_00103.png	1	R7	train	1760099912
images/train/R1/pos/img_train_R1_pos_00104.png	1	R1	train	1760382052
images/train/R1/pos/img_train_R1_pos_00105.png	1	R1	train	1759132386
images/train/R6/pos/img_train_R6_pos_00106.png	1	R6	train	1759834846
images/train/R4/pos/img_train_R4_pos_00107.png	1	R4	train	1760631910
images/train/R4/pos/img_train_R4_pos_00108.png	1	R4	train	1759690212
images/train/R8/pos/img_train_R8_pos_00109.png	1	R8	val	1760140094
images/train/R7/pos/img_train_R7_pos_00110.png	1	R7	train	1759546902
images/train/R5/pos/img_train_R5_pos_00111.png	1	R5	test	1760740834
images/train/R4/pos/img_train_R4_pos_00112.png	1	R4	train	1758598333
images/train/R8/pos/img_train_R8_pos_00113.png	1	R8	val	1759653391
images/train/R2/pos/img_train_R2_pos_00114.png	1	R2	test	1760673489
images/train/R1/pos/img_train_R1_pos_00115.png	1	R1	train	1760422002
images/train/R4/pos/img_train_R4_pos_00116.png	1	R4	train	1760625932
images/train/R7/pos/img_train_R7_pos_00117.png	1	R7	train	1758523266
images/train/R8/pos/img_train_R8_pos_00118.png	1	R8	val	1760450883
images/train/R7/pos/img_train_R7_pos_00119.png	1	R7	train	1759598238
images/train/R3/pos/img_train_R3_pos_00120.png	1	R3	train	1759373294
images/train/R1/pos/img_train_R1_pos_00121.png	1	R1	train	1759910895
images/train/R5/pos/img_train_R5_pos_00122.png	1	R5	test	1760103612
images/train/R5/pos/img_train_R5_pos_00123.png	1	R5	test	1760407648
images/train/R8/pos/img_train_R8_pos_00124.png	1	R8	val	1760147735
images/train/R4/pos/img_train_R4_pos_00125.png	1	R4	train	1760911528
images/train/R4/pos/img_train_R4_pos_00126.png	1	R4	train	1758891182
images/train/R1/pos/img_train_R1_pos_00127.png	1	R1	train	1759728604
images/train/R1/pos/img_train_R1_pos_00128.png	1	R1	train	1759638233
images/train/R8/pos/img_train_R8_pos_00129.png	1	R8	val	1759918472
images/train/R3/pos/img_train_R3_pos_00130.png	1	R3	train	1759333790
images/train/R2/pos/img_train_R2_pos_00131.png	1	R2	test	1760798080
images/train/R2/pos/img_train_R2_pos_00132.png	1	R2	test	1760246459
images/train/R2/pos/img_train_R2_pos_00133.png	1	R2	test	1760776244
images/train/R7/pos/img_train_R7_pos_00134.png	1	R7	train	1758906376
images/train/R4/pos/img_train_R4_pos_00135.png	1	R4	train	1758349744
images/train/R1/pos/img_train_R1_pos_00136.png	1	R1	train	1759399373
images/train/R7/pos/img_train_R7_pos_00137.png	1	R7	train	1759649402
images/train/R6/pos/img_train_R6_pos_00138.png	1	R6	train	1760094137
images/train/R4/pos/img_train_R4_pos_00139.png	1	R4	train	1760855964
images/train/R4/pos/img_train_R4_pos_00140.png	1	R4	train	1759611657
images/train/R7/pos/img_train_R7_pos_00141.png	1	R7	train	1759937405
images/train/R5/pos/img_train_R5_pos_00142.png	1	R5	test	1760203640
images/train/R6/pos/img_train_R6_pos_00143.png	1	R6	train	1760212719
images/train/R1/pos/img_train_R1_pos_00144.png	1	R1	train	1759305229
images/train/R2/pos/img_train_R2_pos_00145.png	1	R2	test	1760769132
images/train/R4/pos/img_train_R4_pos_00146.png	1	R4	train	1759751969
images/train/R5/pos/img_train_R5_pos_00147.png	1	R5	test	1760590723
images/train/R6/pos/img_train_R6_pos_00148.png	1	R6	train	1758375481
images/train/R4/pos/img_train_R4_pos_00149.png	1	R4	train	1760726567
images/train/R5/pos/img_train_R5_pos_00150.png	1	R5	test	1760408321
images/train/R8/pos/img_train_R8_pos_00151.png	1	R8	val	1759264020
images/train/R5/pos/img_train_R5_pos_00152.png	1	R5	test	1760058497
images/train/R1/pos/img_train_R1_pos_00153.png	1	R1	train	1760688361
images/train/R5/pos/img_train_R5_pos_00154.png	1	R5	test	1760780445
images/train/R3/pos/img_train_R3_pos_00155.png	1	R3	train	1759830881
images/train/R2/pos/img_train_R2_pos_00156.png	1	R2	test	1760410251
images/train/R3/pos/img_train_R3_pos_00157.png	1	R3	train	1760360140
images/train/R5/pos/img_train_R5_pos_00158.png	1	R5	test	1760305989
images/train/R4/pos/img_train_R4_pos_00159.png	1	R4	train	1760557416
images/train/R4/pos/img_train_R4_pos_00160.png	1	R4	train	1760078623
images/train/R8/pos/img_train_R8_pos_00161.png	1	R8	val	1760333549
images/train/R1/pos/img_train_R1_pos_00162.png	1	R1	train	1758462827
images/train/R7/pos/img_train_R7_pos_00163.png	1	R7	train	1760904403
images/train/R1/pos/img_train_R1_pos_00164.png	1	R1	train	1760063592
images/train/R6/pos/img_train_R6_pos_00165.png	1	R6	train	1760437635
images/train/R5/pos/img_train_R5_pos_00166.png	1	R5	test	1760554019
images/train/R8/pos/img_train_R8_pos_00167.png	1	R8	val	1760472914
images/train/R7/pos/img_train_R7_pos_00168.png	1	R7	train	1758912643
images/train/R1/pos/img_train_R1_pos_00169.png	1	R1	train	1760436315
images/train/R2/pos/img_train_R2_pos_00170.png	1	R2	test	1760545569
images/train/R1/pos/img_train_R1_pos_00171.png	1	R1	train	1760558282
images/train/R3/pos/img_train_R3_pos_00172.png	1	R3	train	1758615495
images/train/R3/pos/img_train_R3_pos_00173.png	1	R3	train	1760169897
images/train/R5/pos/img_train_R5_pos_00174.png	1	R5	test	1760092801
images/train/R1/pos/img_train_R1_pos_00175.png	1	R1	train	1759405608
images/train/R4/pos/img_train_R4_pos_00176.png	1	R4	train	1759322604
images/train/R2/pos/img_train_R2_pos_00177.png	1	R2	test	1760559496
images/train/R7/pos/img_train_R7_pos_00178.png	1	R7	train	1758677776
images/train/R4/pos/img_train_R4_pos_00179.png	1	R4	train	1760196727
images/train/R3/pos/img_train_R3_pos_00180.png	1	R3	train	1758816067
images/train/R1/pos/img_train_R1_pos_00181.png	1	R1	train	1760377228
images/train/R6/pos/img_train_R6_pos_00182.png	1	R6	train	1759648182
images/train/R4/pos/img_train_R4_pos_00183.png	1	R4	train	1760448187
images/train/R3/pos/img_train_R3_pos_00184.png	1	R3	train	1760625313
images/train/R7/pos/img_train_R7_pos_00185.png	1	R7	train	1758817731
images/train/R8/pos/img_train_R8_pos_00186.png	1	R8	val	1759993948
images/train/R4/pos/img_train_R4_pos_00187.png	1	R4	train	1760274757
images/train/R6/pos/img_train_R6_pos_00188.png	1	R6	train	1758465679
images/train/R4/pos/img_train_R4_pos_00189.png	1	R4	train	1759847598
images/train/R1/pos/img_train_R1_pos_00190.png	1	R1	train	1759533411
images/train/R7/pos/img_train_R7_pos_00191.png	1	R7	train	1758510561
images/train/R5/pos/img_train_R5_pos_00192.png	1	R5	test	1760386090
images/train/R5/pos/img_train_R5_pos_00193.png	1	R5	test	1760661771
images/train/R7/pos/img_train_R7_pos_00194.png	1	R7	train	1758540517
images/train/R6/pos/img_train_R6_pos_00195.png	1	R6	train	1760299487
images/train/R2/pos/img_train_R2_pos_00196.png	1	R2	test	1760206333
images/train/R3/pos/img_train_R3_pos_00197.png	1	R3	train	1759223918
images/train/R5/pos/img_train_R5_pos_00198.png	1	R5	test	1760163437
images/train/R2/pos/img_train_R2_pos_00199.png	1	R2	test	1760879423
images/train/R7/neg/img_train_R7_neg_00000.png	0	R7	train	1760020987
images/train/R6/neg/img_train_R6_neg_00001.png	0	R6	train	1759494249
images/train/R2/neg/img_train_R2_neg_00002.png	0	R2	test	1760320014
images/train/R4/neg/img_train_R4_neg_00003.png	0	R4	train	1760642618
images/train/R1/neg/img_train_R1_neg_00004.png	0	R1	train	1758448906
images/train/R1/neg/img_train_R1_neg_00005.png	0	R1	train	1760343213
images/train/R4/neg/img_train_R4_neg_00006.png	0	R4	train	1760677267
images/train/R7/neg/img_train_R7_neg_00007.png	0	R7	train	1759096095
images/train/R6/neg/img_train_R6_neg_00008.png	0	R6	train	1759425088
images/train/R2/neg/img_train_R2_neg_00009.png	0	R2	test	1760722018
images/train/R5/neg/img_train_R5_neg_00010.png	0	R5	test	1760676317
images/train/R6/neg/img_train_R6_neg_00011.png	0	R6	train	1759200868
images/train/R5/neg/img_train_R5_neg_00012.png	0	R5	test	1760440274
images/train/R3/neg/img_train_R3_neg_00013.png	0	R3	train	1759786430
images/train/R7/neg/img_train_R7_neg_00014.png	0	R7	train	1759480951
images/train/R3/neg/img_train_R3_neg_00015.png	0	R3	train	1759300045
images/train/R5/neg/img_train_R5_neg_00016.png	0	R5	test	1760679171
images/train/R1/neg/img_train_R1_neg_00017.png	0	R1	train	1759539972
images/train/R5/neg/img_train_R5_neg_00018.png	0	R5	test	1760606135
images/train/R7/neg/img_train_R7_neg_00019.png	0	R7	train	1760348397
images/train/R6/neg/img_train_R6_neg_00020.png	0	R6	train	1759325735
images/train/R8/neg/img_train_R8_neg_00021.png	0	R8	val	1760219722
images/train/R4/neg/img_train_R4_neg_00022.png	0	R4	train	1760254931
images/train/R8/neg/img_train_R8_neg_00023.png	0	R8	val	1760060542
images/train/R2/neg/img_train_R2_neg_00024.png	0	R2	test	1760671793
images/train/R6/neg/img_train_R6_neg_00025.png	0	R6	train	1758706486
images/train/R4/neg/img_train_R4_neg_00026.png	0	R4	train	1760839164
images/train/R4/neg/img_train_R4_neg_00027.png	0	R4	train	1758370082
images/train/R3/neg/img_train_R3_neg_00028.png	0	R3	train	1759746442
images/train/R1/neg/img_train_R1_neg_00029.png	0	R1	train	1760487693
images/train/R8/neg/img_train_R8_neg_00030.png	0	R8	val	1759413363
images/train/R2/neg/img_train_R2_neg_00031.png	0	R2	test	1760604136
images/train/R7/neg/img_train_R7_neg_00032.png	0	R7	train	1760865945
images/train/R4/neg/img_train_R4_neg_00033.png	0	R4	train	1758436053
images/train/R8/neg/img_train_R8_neg_00034.png	0	R8	val	1760325745
images/train/R4/neg/img_train_R4_neg_00035.png	0	R4	train	1759902054
images/train/R1/neg/img_train_R1_neg_00036.png	0	R1	train	1760387580
images/train/R7/neg/img_train_R7_neg_00037.png	0	R7	train	1758526732
images/train/R3/neg/img_train_R3_neg_00038.png	0	R3	train	1760449588
images/train/R8/neg/img_train_R8_neg_00039.png	0	R8	val	1760837208
images/train/R4/neg/img_train_R4_neg_00040.png	0	R4	train	1760335518
images/train/R8/neg/img_train_R8_neg_00041.png	0	R8	val	1760583967
images/train/R8/neg/img_train_R8_neg_00042.png	0	R8	val	1759218748
images/train/R6/neg/img_train_R6_neg_00043.png	0	R6	train	1759527979
images/train/R7/neg/img_train_R7_neg_00044.png	0	R7	train	1758868832
images/train/R8/neg/img_train_R8_neg_00045.png	0	R8	val	1760866842
images/train/R8/neg/img_train_R8_neg_00046.png	0	R8	val	1760613783
images/train/R5/neg/img_train_R5_neg_00047.png	0	R5	test	1760667453
images/train/R5/neg/img_train_R5_neg_00048.png	0	R5	test	1760693370
images/train/R8/neg/img_train_R8_neg_00049.png	0	R8	val	1760789306
images/train/R5/neg/img_train_R5_neg_00050.png	0	R5	test	1760391994
images/train/R2/neg/img_train_R2_neg_00051.png	0	R2	test	1760262366
images/train/R4/neg/img_train_R4_neg_00052.png	0	R4	train	1758402263
images/train/R6/neg/img_train_R6_neg_00053.png	0	R6	train	1760832572
images/train/R2/neg/img_train_R2_neg_00054.png	0	R2	test	1760120450
images/train/R3/neg/img_train_R3_neg_00055.png	0	R3	train	1760810910
images/train/R7/neg/img_train_R7_neg_00056.png	0	R7	train	1760027737
images/train/R4/neg/img_train_R4_neg_00057.png	0	R4	train	1759310843
images/train/R7/neg/img_train_R7_neg_00058.png	0	R7	train	1759829662
images/train/R6/neg/img_train_R6_neg_00059.png	0	R6	train	1760561497
images/train/R8/neg/img_train_R8_neg_00060.png	0	R8	val	1760271290
images/train/R1/neg/img_train_R1_neg_00061.png	0	R1	train	1758454445
images/train/R7/neg/img_train_R7_neg_00062.png	0	R7	train	1759954377
images/train/R1/neg/img_train_R1_neg_00063.png	0	R1	train	1758729187
images/train/R7/neg/img_train_R7_neg_00064.png	0	R7	train	1758825543
images/train/R1/neg/img_train_R1_neg_00065.png	0	R1	train	1760874918
images/train/R5/neg/img_train_R5_neg_00066.png	0	R5	test	1760898387
images/train/R7/neg/img_train_R7_neg_00067.png	0	R7	train	1758348456
images/train/R4/neg/img_train_R4_neg_00068.png	0	R4	train	1760125289
images/train/R4/neg/img_train_R4_neg_00069.png	0	R4	train	1760280606
images/train/R7/neg/img_train_R7_neg_00070.png	0	R7	train	1760165253
images/train/R1/neg/img_train_R1_neg_00071.png	0	R1	train	1758555073
images/train/R6/neg/img_train_R6_neg_00072.png	0	R6	train	1760589487
images/train/R3/neg/img_train_R3_neg_00073.png	0	R3	train	1759710747
images/train/R3/neg/img_train_R3_neg_00074.png	0	R3	train	1758387584
images/train/R1/neg/img_train_R1_neg_00075.png	0	R1	train	1759339840
images/train/R1/neg/img_train_R1_neg_00076.png	0	R1	train	1760408760
images/train/R7/neg/img_train_R7_neg_00077.png	0	R7	train	1760542100
images/train/R8/neg/img_train_R8_neg_00078.png	0	R8	val	1760247381
images/train/R1/neg/img_train_R1_neg_00079.png	0	R1	train	1759822673
images/train/R7/neg/img_train_R7_neg_00080.png	0	R7	train	1760212510
images/train/R4/neg/img_train_R4_neg_00081.png	0	R4	train	1758766289
images/train/R6/neg/img_train_R6_neg_00082.png	0	R6	train	1758365850
images/train/R7/neg/img_train_R7_neg_00083.png	0	R7	train	1760616724
images/train/R7/neg/img_train_R7_neg_00084.png	0	R7	train	1758391815
images/train/R2/neg/img_train_R2_neg_00085.png	0	R2	test	1760554825
images/train/R1/neg/img_train_R1_neg_00086.png	0	R1	train	1759091810
images/train/R1/neg/img_train_R1_neg_00087.png	0	R1	train	1759857763
images/train/R4/neg/img_train_R4_neg_00088.png	0	R4	train	1758743377
images/train/R1/neg/img_train_R1_neg_00089.png	0	R1	train	1759097243
images/train/R4/neg/img_train_R4_neg_00090.png	0	R4	train	1759139665
images/train/R1/neg/img_train_R1_neg_00091.png	0	R1	train	1758551778
images/train/R4/neg/img_train_R4_neg_00092.png	0	R4	train	1759727301
images/train/R8/neg/img_train_R8_neg_00093.png	0	R8	val	1760507166
images/train/R4/neg/img_train_R4_neg_00094.png	0	R4	train	1759806912
images/train/R5/neg/img_train_R5_neg_00095.png	0	R5	test	1760861287
images/train/R3/neg/img_train_R3_neg_00096.png	0	R3	train	1758596033
images/train/R2/neg/img_train_R2_neg_00097.png	0	R2	test	1760057764
images/train/R5/neg/img_train_R5_neg_00098.png	0	R5	test	1760137242
images/train/R1/neg/img_train_R1_neg_00099.png	0	R1	train	1760741473
images/train/R7/neg/img_train_R7_neg_00100.png	0	R7	train	1759632499
images/train/R4/neg/img_train_R4_neg_00101.png	0	R4	train	1758504286
images/train/R4/neg/img_train_R4_neg_00102.png	0	R4	train	1759888226
images/train/R5/neg/img_train_R5_neg_00103.png	0	R5	test	1760879442
images/train/R2/neg/img_train_R2_neg_00104.png	0	R2	test	1760211661
images/train/R1/neg/img_train_R1_neg_00105.png	0	R1	train	1759163788
images/train/R7/neg/img_train_R7_neg_00106.png	0	R7	train	1760549306
images/train/R2/neg/img_train_R2_neg_00107.png	0	R2	test	1760590123
images/train/R6/neg/img_train_R6_neg_00108.png	0	R6	train	1759610240
images/train/R7/neg/img_train_R7_neg_00109.png	0	R7	train	1759008166
images/train/R2/neg/img_train_R2_neg_00110.png	0	R2	test	1760185981
images/train/R6/neg/img_train_R6_neg_00111.png	0	R6	train	1759445540
images/train/R3/neg/img_train_R3_neg_00112.png	0	R3	train	1760533400
images/train/R3/neg/img_train_R3_neg_00113.png	0	R3	train	1759756123
images/train/R5/neg/img_train_R5_neg_00114.png	0	R5	test	1760586328
images/train/R8/neg/img_train_R8_neg_00115.png	0	R8	val	1759373559
images/train/R7/neg/img_train_R7_neg_00116.png	0	R7	train	1760067590
images/train/R5/neg/img_train_R5_neg_00117.png	0	R5	test	1760115189
images/train/R4/neg/img_train_R4_neg_00118.png	0	R4	train	1760884728
images/train/R5/neg/img_train_R5_neg_00119.png	0	R5	test	1760274653
images/train/R4/neg/img_train_R4_neg_00120.png	0	R4	train	1760792101
images/train/R7/neg/img_train_R7_neg_00121.png	0	R7	train	1760344660
images/train/R1/neg/img_train_R1_neg_00122.png	0	R1	train	1758432578
images/train/R6/neg/img_train_R6_neg_00123.png	0	R6	train	1759988406
images/train/R8/neg/img_train_R8_neg_00124.png	0	R8	val	1759584863
images/train/R6/neg/img_train_R6_neg_00125.png	0	R6	train	1758436575
images/train/R6/neg/img_train_R6_neg_00126.png	0	R6	train	1760242128
images/train/R5/neg/img_train_R5_neg_00127.png	0	R5	test	1760278489
images/train/R1/neg/img_train_R1_neg_00128.png	0	R1	train	1760446320
images/train/R4/neg/img_train_R4_neg_00129.png	0	R4	train	1759793473
images/train/R4/neg/img_train_R4_neg_00130.png	0	R4	train	1759730601
images/train/R8/neg/img_train_R8_neg_00131.png	0	R8	val	1759935337
images/train/R4/neg/img_train_R4_neg_00132.png	0	R4	train	1760334684
images/train/R8/neg/img_train_R8_neg_00133.png	0	R8	val	1759290732
images/train/R1/neg/img_train_R1_neg_00134.png	0	R1	train	1759985563
images/train/R5/neg/img_train_R5_neg_00135.png	0	R5	test	1760571268
images/train/R7/neg/img_train_R7_neg_00136.png	0	R7	train	1760475312
images/train/R5/neg/img_train_R5_neg_00137.png	0	R5	test	1760885354
images/train/R6/neg/img_train_R6_neg_00138.png	0	R6	train	1758638452
images/train/R6/neg/img_train_R6_neg_00139.png	0	R6	train	1760536196
images/train/R6/neg/img_train_R6_neg_00140.png	0	R6	train	1759237178
images/train/R8/neg/img_train_R8_neg_00141.png	0	R8	val	1760313813
images/train/R5/neg/img_train_R5_neg_00142.png	0	R5	test	1760617541
images/train/R4/neg/img_train_R4_neg_00143.png	0	R4	train	1759934115
images/train/R4/neg/img_train_R4_neg_00144.png	0	R4	train	1758468980
images/train/R2/neg/img_train_R2_neg_00145.png	0	R2	test	1760597673
images/train/R3/neg/img_train_R3_neg_00146.png	0	R3	train	1760359847
images/train/R4/neg/img_train_R4_neg_00147.png	0	R4	train	1760638484
images/train/R5/neg/img_train_R5_neg_00148.png	0	R5	test	1760745592
images/train/R5/neg/img_train_R5_neg_00149.png	0	R5	test	1760888224
images/train/R4/neg/img_train_R4_neg_00150.png	0	R4	train	1758728393
images/train/R4/neg/img_train_R4_neg_00151.png	0	R4	train	1760508545
images/train/R3/neg/img_train_R3_neg_00152.png	0	R3	train	1758803592
images/train/R1/neg/img_train_R1_neg_00153.png	0	R1	train	1758397792
images/train/R3/neg/img_train_R3_neg_00154.png	0	R3	train	1759070471
images/train/R1/neg/img_train_R1_neg_00155.png	0	R1	train	1759213618
images/train/R5/neg/img_train_R5_neg_00156.png	0	R5	test	1760168849
images/train/R8/neg/img_train_R8_neg_00157.png	0	R8	val	1759568993
images/train/R1/neg/img_train_R1_neg_00158.png	0	R1	train	1759383228
images/train/R5/neg/img_train_R5_neg_00159.png	0	R5	test	1760140496
images/train/R8/neg/img_train_R8_neg_00160.png	0	R8	val	1759940698
images/train/R6/neg/img_train_R6_neg_00161.png	0	R6	train	1759152313
images/train/R1/neg/img_train_R1_neg_00162.png	0	R1	train	1758701202
images/train/R8/neg/img_train_R8_neg_00163.png	0	R8	val	1759993825
images/train/R2/neg/img_train_R2_neg_00164.png	0	R2	test	1760072452
images/train/R8/neg/img_train_R8_neg_00165.png	0	R8	val	1760233730
images/train/R1/neg/img_train_R1_neg_00166.png	0	R1	train	1760183423
images/train/R3/neg/img_train_R3_neg_00167.png	0	R3	train	1759985342
images/train/R5/neg/img_train_R5_neg_00168.png	0	R5	test	1760878770
images/train/R4/neg/img_train_R4_neg_00169.png	0	R4	train	1760353290
images/train/R7/neg/img_train_R7_neg_00170.png	0	R7	train	1758881091
images/train/R4/neg/img_train_R4_neg_00171.png	0	R4	train	1758474215
images/train/R7/neg/img_train_R7_neg_00172.png	0	R7	train	1758971760
images/train/R8/neg/img_train_R8_neg_00173.png	0	R8	val	1759367744
images/train/R7/neg/img_train_R7_neg_00174.png	0	R7	train	1760531161
images/train/R1/neg/img_train_R1_neg_00175.png	0	R1	train	1758473940
images/train/R2/neg/img_train_R2_neg_00176.png	0	R2	test	1760125137
images/train/R4/neg/img_train_R4_neg_00177.png	0	R4	train	1759845660
images/train/R2/neg/img_train_R2_neg_00178.png	0	R2	test	1760251079
images/train/R4/neg/img_train_R4_neg_00179.png	0	R4	train	1758700113
images/train/R2/neg/img_train_R2_neg_00180.png	0	R2	test	1760798583
images/train/R1/neg/img_train_R1_neg_00181.png	0	R1	train	1759013473
images/train/R8/neg/img_train_R8_neg_00182.png	0	R8	val	1760902238
images/train/R8/neg/img_train_R8_neg_00183.png	0	R8	val	1759720022
images/train/R1/neg/img_train_R1_neg_00184.png	0	R1	train	1759740944
images/train/R5/neg/img_train_R5_neg_00185.png	0	R5	test	1760455070
images/train/R8/neg/img_train_R8_neg_00186.png	0	R8	val	1760223248
images/train/R4/neg/img_train_R4_neg_00187.png	0	R4	train	1760798686
images/train/R4/neg/img_train_R4_neg_00188.png	0	R4	train	1758444293
images/train/R2/neg/img_train_R2_neg_00189.png	0	R2	test	1760480192
images/train/R4/neg/img_train_R4_neg_00190.png	0	R4	train	1759567579
images/train/R5/neg/img_train_R5_neg_00191.png	0	R5	test	1760115973
images/train/R2/neg/img_train_R2_neg_00192.png	0	R2	test	1760361452
images/train/R3/neg/img_train_R3_neg_00193.png	0	R3	train	1759316695
images/train/R5/neg/img_train_R5_neg_00194.png	0	R5	test	1760221777
images/train/R2/neg/img_train_R2_neg_00195.png	0	R2	test	1760730007
images/train/R5/neg/img_train_R5_neg_00196.png	0	R5	test	1760649965
images/train/R5/neg/img_train_R5_neg_00197.png	0	R5	test	1760753143
images/train/R8/neg/img_train_R8_neg_00198.png	0	R8	val	1760259129
images/train/R2/neg/img_train_R2_neg_00199.png	0	R2	test	1760691641
images/val/R1/pos/img_val_R1_pos_00000.png	1	R1	train	1759024873
images/val/R6/pos/img_val_R6_pos_00001.png	1	R6	train	1760693193
images/val/R5/pos/img_val_R5_pos_00002.png	1	R5	test	1760909379
images/val/R2/pos/img_val_R2_pos_00003.png	1	R2	test	1760469065
images/val/R1/pos/img_val_R1_pos_00004.png	1	R1	train	1760803651
images/val/R1/pos/img_val_R1_pos_00005.png	1	R1	train	1759024499
images/val/R8/pos/img_val_R8_pos_00006.png	1	R8	val	1759367112
images/val/R8/pos/img_val_R8_pos_00007.png	1	R8	val	1759378125
images/val/R3/pos/img_val_R3_pos_00008.png	1	R3	train	1759914512
images/val/R7/pos/img_val_R7_pos_00009.png	1	R7	train	1759905656
images/val/R2/pos/img_val_R2_pos_00010.png	1	R2	test	1760240638
images/val/R6/pos/img_val_R6_pos_00011.png	1	R6	train	1759233814
images/val/R6/pos/img_val_R6_pos_00012.png	1	R6	train	1760811864
images/val/R2/pos/img_val_R2_pos_00013.png	1	R2	test	1760689233
images/val/R6/pos/img_val_R6_pos_00014.png	1	R6	train	1758647681
images/val/R8/pos/img_val_R8_pos_00015.png	1	R8	val	1759829333
images/val/R7/pos/img_val_R7_pos_00016.png	1	R7	train	1760173688
images/val/R1/pos/img_val_R1_pos_00017.png	1	R1	train	1759797588
images/val/R2/pos/img_val_R2_pos_00018.png	1	R2	test	1760593182
images/val/R5/pos/img_val_R5_pos_00019.png	1	R5	test	1760232528
images/val/R2/pos/img_val_R2_pos_00020.png	1	R2	test	1760173677
images/val/R1/pos/img_val_R1_pos_00021.png	1	R1	train	1758994731
images/val/R8/pos/img_val_R8_pos_00022.png	1	R8	val	1759564129
images/val/R1/pos/img_val_R1_pos_00023.png	1	R1	train	1758704977
images/val/R6/pos/img_val_R6_pos_00024.png	1	R6	train	1760456360
images/val/R8/pos/img_val_R8_pos_00025.png	1	R8	val	1760373488
images/val/R4/pos/img_val_R4_pos_00026.png	1	R4	train	1759118468
images/val/R3/pos/img_val_R3_pos_00027.png	1	R3	train	1758827654
images/val/R8/pos/img_val_R8_pos_00028.png	1	R8	val	1759597213
images/val/R2/pos/img_val_R2_pos_00029.png	1	R2	test	1760120731
images/val/R4/pos/img_val_R4_pos_00030.png	1	R4	train	1758510920
images/val/R5/pos/img_val_R5_pos_00031.png	1	R5	test	1760618739
images/val/R1/pos/img_val_R1_pos_00032.png	1	R1	train	1760078787
images/val/R7/pos/img_val_R7_pos_00033.png	1	R7	train	1759238992
images/val/R4/pos/img_val_R4_pos_00034.png	1	R4	train	1760112451
images/val/R8/pos/img_val_R8_pos_00035.png	1	R8	val	1759636935
images/val/R3/pos/img_val_R3_pos_00036.png	1	R3	train	1758459769
images/val/R5/pos/img_val_R5_pos_00037.png	1	R5	test	1760232849
images/val/R5/pos/img_val_R5_pos_00038.png	1	R5	test	1760133956
images/val/R8/pos/img_val_R8_pos_00039.png	1	R8	val	1760792736
images/val/R4/pos/img_val_R4_pos_00040.png	1	R4	train	1759094333
images/val/R3/pos/img_val_R3_pos_00041.png	1	R3	train	1759452578
images/val/R4/pos/img_val_R4_pos_00042.png	1	R4	train	1760426518
images/val/R3/pos/img_val_R3_pos_00043.png	1	R3	train	1759107971
images/val/R5/pos/img_val_R5_pos_00044.png	1	R5	test	1760464492
images/val/R6/pos/img_val_R6_pos_00045.png	1	R6	train	1760878000
images/val/R5/pos/img_val_R5_pos_00046.png	1	R5	test	1760249501
images/val/R5/pos/img_val_R5_pos_00047.png	1	R5	test	1760520649
images/val/R8/pos/img_val_R8_pos_00048.png	1	R8	val	1759855519
images/val/R8/pos/img_val_R8_pos_00049.png	1	R8	val	1759731749
images/val/R8/neg/img_val_R8_neg_00000.png	0	R8	val	1760876790
images/val/R6/neg/img_val_R6_neg_00001.png	0	R6	train	1759687325
images/val/R7/neg/img_val_R7_neg_00002.png	0	R7	train	1758944964
images/val/R6/neg/img_val_R6_neg_00003.png	0	R6	train	1759465345
images/val/R4/neg/img_val_R4_neg_00004.png	0	R4	train	1760462116
images/val/R7/neg/img_val_R7_neg_00005.png	0	R7	train	1759204341
images/val/R7/neg/img_val_R7_neg_00006.png	0	R7	train	1758806544
images/val/R6/neg/img_val_R6_neg_00007.png	0	R6	train	1760034420
images/val/R7/neg/img_val_R7_neg_00008.png	0	R7	train	1759433944
images/val/R3/neg/img_val_R3_neg_00009.png	0	R3	train	1759266400
images/val/R1/neg/img_val_R1_neg_00010.png	0	R1	train	1758454888
images/val/R6/neg/img_val_R6_neg_00011.png	0	R6	train	1760863079
images/val/R8/neg/img_val_R8_neg_00012.png	0	R8	val	1759443261
images/val/R8/neg/img_val_R8_neg_00013.png	0	R8	val	1759905495
images/val/R3/neg/img_val_R3_neg_00014.png	0	R3	train	1759343523
images/val/R3/neg/img_val_R3_neg_00015.png	0	R3	train	1759985777
images/val/R8/neg/img_val_R8_neg_00016.png	0	R8	val	1760705955
images/val/R6/neg/img_val_R6_neg_00017.png	0	R6	train	1760231776
images/val/R2/neg/img_val_R2_neg_00018.png	0	R2	test	1760779753
images/val/R7/neg/img_val_R7_neg_00019.png	0	R7	train	1760680336
images/val/R8/neg/img_val_R8_neg_00020.png	0	R8	val	1759930924
images/val/R1/neg/img_val_R1_neg_00021.png	0	R1	train	1758433947
images/val/R2/neg/img_val_R2_neg_00022.png	0	R2	test	1760113660
images/val/R5/neg/img_val_R5_neg_00023.png	0	R5	test	1760530350
images/val/R2/neg/img_val_R2_neg_00024.png	0	R2	test	1760106431
images/val/R2/neg/img_val_R2_neg_00025.png	0	R2	test	1760774752
images/val/R8/neg/img_val_R8_neg_00026.png	0	R8	val	1759702650
images/val/R5/neg/img_val_R5_neg_00027.png	0	R5	test	1760480020
images/val/R1/neg/img_val_R1_neg_00028.png	0	R1	train	1760595539
images/val/R1/neg/img_val_R1_neg_00029.png	0	R1	train	1760862390
images/val/R6/neg/img_val_R6_neg_00030.png	0	R6	train	1760705623
images/val/R7/neg/img_val_R7_neg_00031.png	0	R7	train	1760310006
images/val/R4/neg/img_val_R4_neg_00032.png	0	R4	train	1758442878
images/val/R7/neg/img_val_R7_neg_00033.png	0	R7	train	1759848198
images/val/R3/neg/img_val_R3_neg_00034.png	0	R3	train	1759946694
images/val/R3/neg/img_val_R3_neg_00035.png	0	R3	train	1760558157
images/val/R7/neg/img_val_R7_neg_00036.png	0	R7	train	1760104723
images/val/R8/neg/img_val_R8_neg_00037.png	0	R8	val	1759257712
images/val/R3/neg/img_val_R3_neg_00038.png	0	R3	train	1760237718
images/val/R8/neg/img_val_R8_neg_00039.png	0	R8	val	1759334853
images/val/R8/neg/img_val_R8_neg_00040.png	0	R8	val	1759394358
images/val/R1/neg/img_val_R1_neg_00041.png	0	R1	train	1759525883
images/val/R5/neg/img_val_R5_neg_00042.png	0	R5	test	1760895027
images/val/R3/neg/img_val_R3_neg_00043.png	0	R3	train	1760340981
images/val/R8/neg/img_val_R8_neg_00044.png	0	R8	val	1760192665
images/val/R5/neg/img_val_R5_neg_00045.png	0	R5	test	1760508634
images/val/R5/neg/img_val_R5_neg_00046.png	0	R5	test	1760059983
images/val/R5/neg/img_val_R5_neg_00047.png	0	R5	test	1760193904
images/val/R7/neg/img_val_R7_neg_00048.png	0	R7	train	1760783681
images/val/R2/neg/img_val_R2_neg_00049.png	0	R2	test	1760704805
images/test/R7/pos/img_test_R7_pos_00000.png	1	R7	train	1759744672
images/test/R6/pos/img_test_R6_pos_00001.png	1	R6	train	1759056400
images/test/R5/pos/img_test_R5_pos_00002.png	1	R5	test	1760681580
images/test/R1/pos/img_test_R1_pos_00003.png	1	R1	train	1760469363
images/test/R5/pos/img_test_R5_pos_00004.png	1	R5	test	1760274681
images/test/R1/pos/img_test_R1_pos_00005.png	1	R1	train	1759842033
images/test/R8/pos/img_test_R8_pos_00006.png	1	R8	val	1759546109
images/test/R4/pos/img_test_R4_pos_00007.png	1	R4	train	1760086924
images/test/R6/pos/img_test_R6_pos_00008.png	1	R6	train	1758450620
images/test/R4/pos/img_test_R4_pos_00009.png	1	R4	train	1759262590
images/test/R3/pos/img_test_R3_pos_00010.png	1	R3	train	1759458062
images/test/R1/pos/img_test_R1_pos_00011.png	1	R1	train	1758504771
images/test/R8/pos/img_test_R8_pos_00012.png	1	R8	val	1760693678
images/test/R6/pos/img_test_R6_pos_00013.png	1	R6	train	1760835576
images/test/R2/pos/img_test_R2_pos_00014.png	1	R2	test	1760720987
images/test/R6/pos/img_test_R6_pos_00015.png	1	R6	train	1760258257
images/test/R3/pos/img_test_R3_pos_00016.png	1	R3	train	1758457870
images/test/R3/pos/img_test_R3_pos_00017.png	1	R3	train	1758441791
images/test/R6/pos/img_test_R6_pos_00018.png	1	R6	train	1760346817
images/test/R5/pos/img_test_R5_pos_00019.png	1	R5	test	1760404149
images/test/R5/pos/img_test_R5_pos_00020.png	1	R5	test	1760815812
images/test/R5/pos/img_test_R5_pos_00021.png	1	R5	test	1760697109
images/test/R2/pos/img_test_R2_pos_00022.png	1	R2	test	1760377207
images/test/R2/pos/img_test_R2_pos_00023.png	1	R2	test	1760252272
images/test/R4/pos/img_test_R4_pos_00024.png	1	R4	train	1758974804
images/test/R6/pos/img_test_R6_pos_00025.png	1	R6	train	1760489375
images/test/R7/pos/img_test_R7_pos_00026.png	1	R7	train	1758468061
images/test/R5/pos/img_test_R5_pos_00027.png	1	R5	test	1760343833
images/test/R2/pos/img_test_R2_pos_00028.png	1	R2	test	1760841991
images/test/R6/pos/img_test_R6_pos_00029.png	1	R6	train	1759752885
images/test/R7/pos/img_test_R7_pos_00030.png	1	R7	train	1760393856
images/test/R2/pos/img_test_R2_pos_00031.png	1	R2	test	1760662861
images/test/R8/pos/img_test_R8_pos_00032.png	1	R8	val	1759199932
images/test/R6/pos/img_test_R6_pos_00033.png	1	R6	train	1760691895
images/test/R4/pos/img_test_R4_pos_00034.png	1	R4	train	1760541664
images/test/R8/pos/img_test_R8_pos_00035.png	1	R8	val	1759638053
images/test/R7/pos/img_test_R7_pos_00036.png	1	R7	train	1760677728
images/test/R3/pos/img_test_R3_pos_00037.png	1	R3	train	1759016441
images/test/R1/pos/img_test_R1_pos_00038.png	1	R1	train	1759014602
images/test/R8/pos/img_test_R8_pos_00039.png	1	R8	val	1760055761
images/test/R2/pos/img_test_R2_pos_00040.png	1	R2	test	1760144277
images/test/R3/pos/img_test_R3_pos_00041.png	1	R3	train	1760315670
images/test/R8/pos/img_test_R8_pos_00042.png	1	R8	val	1760814654
images/test/R7/pos/img_test_R7_pos_00043.png	1	R7	train	1759740963
images/test/R3/pos/img_test_R3_pos_00044.png	1	R3	train	1758771598
images/test/R2/pos/img_test_R2_pos_00045.png	1	R2	test	1760207114
images/test/R7/pos/img_test_R7_pos_00046.png	1	R7	train	1760460280
images/test/R1/pos/img_test_R1_pos_00047.png	1	R1	train	1759379087
images/test/R4/pos/img_test_R4_pos_00048.png	1	R4	train	1759393143
images/test/R8/pos/img_test_R8_pos_00049.png	1	R8	val	1759269278
images/test/R6/neg/img_test_R6_neg_00000.png	0	R6	train	1760197282
images/test/R6/neg/img_test_R6_neg_00001.png	0	R6	train	1759432031
images/test/R6/neg/img_test_R6_neg_00002.png	0	R6	train	1759910090
images/test/R7/neg/img_test_R7_neg_00003.png	0	R7	train	1760130146
images/test/R4/neg/img_test_R4_neg_00004.png	0	R4	train	1759551162
images/test/R8/neg/img_test_R8_neg_00005.png	0	R8	val	1759381972
images/test/R4/neg/img_test_R4_neg_00006.png	0	R4	train	1760621041
images/test/R1/neg/img_test_R1_neg_00007.png	0	R1	train	1758485320
images/test/R6/neg/img_test_R6_neg_00008.png	0	R6	train	1759768075
images/test/R3/neg/img_test_R3_neg_00009.png	0	R3	train	1758825360
images/test/R4/neg/img_test_R4_neg_00010.png	0	R4	train	1758694151
images/test/R4/neg/img_test_R4_neg_00011.png	0	R4	train	1760659011
images/test/R4/neg/img_test_R4_neg_00012.png	0	R4	train	1759819282
images/test/R6/neg/img_test_R6_neg_00013.png	0	R6	train	1759123576
images/test/R1/neg/img_test_R1_neg_00014.png	0	R1	train	1758990573
images/test/R3/neg/img_test_R3_neg_00015.png	0	R3	train	1760643612
images/test/R5/neg/img_test_R5_neg_00016.png	0	R5	test	1760600474
images/test/R2/neg/img_test_R2_neg_00017.png	0	R2	test	1760852103
images/test/R3/neg/img_test_R3_neg_00018.png	0	R3	train	1760904410
images/test/R6/neg/img_test_R6_neg_00019.png	0	R6	train	1759623783
images/test/R6/neg/img_test_R6_neg_00020.png	0	R6	train	1760644633
images/test/R3/neg/img_test_R3_neg_00021.png	0	R3	train	1760231821
images/test/R1/neg/img_test_R1_neg_00022.png	0	R1	train	1760688161
images/test/R7/neg/img_test_R7_neg_00023.png	0	R7	train	1759612622
images/test/R2/neg/img_test_R2_neg_00024.png	0	R2	test	1760405102
images/test/R8/neg/img_test_R8_neg_00025.png	0	R8	val	1759350693
images/test/R6/neg/img_test_R6_neg_00026.png	0	R6	train	1759859372
images/test/R2/neg/img_test_R2_neg_00027.png	0	R2	test	1760588133
images/test/R4/neg/img_test_R4_neg_00028.png	0	R4	train	1758775479
images/test/R1/neg/img_test_R1_neg_00029.png	0	R1	train	1759499119
images/test/R5/neg/img_test_R5_neg_00030.png	0	R5	test	1760092599
images/test/R1/neg/img_test_R1_neg_00031.png	0	R1	train	1760830268
images/test/R8/neg/img_test_R8_neg_00032.png	0	R8	val	1759417004
images/test/R7/neg/img_test_R7_neg_00033.png	0	R7	train	1759322658
images/test/R8/neg/img_test_R8_neg_00034.png	0	R8	val	1759496560
images/test/R2/neg/img_test_R2_neg_00035.png	0	R2	test	1760128957
images/test/R6/neg/img_test_R6_neg_00036.png	0	R6	train	1758992823
images/test/R3/neg/img_test_R3_neg_00037.png	0	R3	train	1758975647
images/test/R3/neg/img_test_R3_neg_00038.png	0	R3	train	1758445331
images/test/R6/neg/img_test_R6_neg_00039.png	0	R6	train	1760025502
images/test/R5/neg/img_test_R5_neg_00040.png	0	R5	test	1760419275
images/test/R7/neg/img_test_R7_neg_00041.png	0	R7	train	1760080733
images/test/R2/neg/img_test_R2_neg_00042.png	0	R2	test	1760144427
images/test/R4/neg/img_test_R4_neg_00043.png	0	R4	train	1758611318
images/test/R8/neg/img_test_R8_neg_00044.png	0	R8	val	1759954618
images/test/R7/neg/img_test_R7_neg_00045.png	0	R7	train	1758382106
images/test/R8/neg/img_test_R8_neg_00046.png	0	R8	val	1759967162
images/test/R7/neg/img_test_R7_neg_00047.png	0	R7	train	1758554394
images/test/R6/neg/img_test_R6_neg_00048.png	0	R6	train	1759300662
images/test/R6/neg/img_test_R6_neg_00049.png	0	R6	train	1759406097
